Fylkenummer;Fylkenavn;Kommunenummer;Kommunenavn;Stemmekretsnummer;Stemmekretsnavn;Partikode;Partinavn;Oppslutning prosentvis;Antall stemmeberettigede;Antall forhåndsstemmer;Antall valgtingstemmer;Antall stemmer totalt;Endring % siste tilsvarende valg;Endring % siste ekvivalente valg;Antall mandater;Antall utjevningsmandater;
01;Østfold;;;;;A;Arbeiderpartiet;30,4802;223945;24815;24530;49345;-1,58991;3,00348;3;0;
01;Østfold;;;;;SV;SV - Sosialistisk Venstreparti;6,07874;223945;5526;4315;9841;1,71525;1,87709;1;1;
01;Østfold;;;;;RØDT;Rødt;4,58145;223945;4257;3160;7417;2,43971;0,40108;0;0;
01;Østfold;;;;;SP;Senterpartiet;14,11311;223945;10081;12767;22848;5,45183;-3,17761;2;0;
01;Østfold;;;;;KRF;Kristelig Folkeparti;3,34235;223945;2576;2835;5411;-0,8624;-0,23643;0;0;
01;Østfold;;;;;MDG;Miljøpartiet De Grønne;2,95444;223945;2975;1808;4783;0,3729;-3,03936;0;0;
01;Østfold;;;;;V;Venstre;2,94641;223945;2407;2363;4770;0,53858;1,06122;0;0;
01;Østfold;;;;;H;Høyre;18,66059;223945;15597;14613;30210;-5,17047;0,85895;2;0;
01;Østfold;;;;;FRP;Fremskrittspartiet;12,67882;223945;9328;11198;20526;-4,85974;3,77248;1;0;
01;Østfold;;;;;AAN;Alliansen - Alternativ for Norge;0,10624;223945;78;94;172;0,10624;0,10624;0;0;
01;Østfold;;;;;DEMN;Demokratene;1,45035;223945;1252;1096;2348;1,32804;1,22406;0;0;
01;Østfold;;;;;FNB;Folkeaksjonen Nei til mer bompenger;0,17604;223945;144;141;285;0,17604;-3,90025;0;0;
01;Østfold;;;;;HELSE;Helsepartiet;0,24275;223945;208;185;393;-0,2621;-0,22007;0;0;
01;Østfold;;;;;INP;Industri- og Næringspartiet;0,14207;223945;115;115;230;0,14207;0,14207;0;0;
01;Østfold;;;;;KRISTNE;Partiet De Kristne;0,42621;223945;364;326;690;0,10482;-0,21638;0;0;
01;Østfold;;;;;LIBS;Liberalistene;0,16245;223945;119;144;263;-0,05875;-0,10798;0;0;
01;Østfold;;;;;PIR;Piratpartiet;0,09574;223945;73;82;155;0,09574;-0,14947;0;0;
01;Østfold;;;;;PP;Pensjonistpartiet;1,15447;223945;1147;722;1869;0,31391;-0,89944;0;0;
01;Østfold;;;;;PS;Partiet Sentrum;0,20755;223945;175;161;336;0,20755;0,20755;0;0;
01;Østfold;;;;;BLANKE;Blanke;0,89813;223945;608;846;1454;-0,03937;-1,46565;0;0;
02;Akershus;;;;;A;Arbeiderpartiet;25,81853;471106;55170;40262;95432;-0,51404;3,2245;5;0;
02;Akershus;;;;;SV;SV - Sosialistisk Venstreparti;6,79227;471106;15751;9355;25106;1,55854;1,9816;1;0;
02;Akershus;;;;;RØDT;Rødt;3,93073;471106;9081;5448;14529;2,00128;0,8574;1;0;
02;Akershus;;;;;SP;Senterpartiet;8,8043;471106;17256;15287;32543;2,90327;-0,72446;2;0;
02;Akershus;;;;;KRF;Kristelig Folkeparti;2,04748;471106;4377;3191;7568;-0,32138;-0,22637;0;0;
02;Akershus;;;;;MDG;Miljøpartiet De Grønne;4,71287;471106;12321;5099;17420;1,07338;-4,10193;1;0;
02;Akershus;;;;;V;Venstre;6,85179;471106;15157;10169;25326;0,46039;1,93286;1;0;
02;Akershus;;;;;H;Høyre;27,41366;471106;64110;37218;101328;-3,64105;-1,14478;6;1;
02;Akershus;;;;;FRP;Fremskrittspartiet;10,48465;471106;21009;17745;38754;-4,80346;1,84665;2;0;
02;Akershus;;;;;AAN;Alliansen - Alternativ for Norge;0,08306;471106;144;163;307;0,08306;0,08306;0;0;
02;Akershus;;;;;DEMN;Demokratene;1,0819;471106;2399;1600;3999;1,00037;0,83719;0;0;
02;Akershus;;;;;FNB;Folkeaksjonen Nei til mer bompenger;0,17125;471106;294;339;633;0,17125;-3,00073;0;0;
02;Akershus;;;;;HELSE;Helsepartiet;0,31383;471106;659;501;1160;-0,28836;-0,19481;0;0;
02;Akershus;;;;;INP;Industri- og Næringspartiet;0,13203;471106;286;202;488;0,13203;0,13203;0;0;
02;Akershus;;;;;KRISTNE;Partiet De Kristne;0,19452;471106;428;291;719;0,06683;-0,08382;0;0;
02;Akershus;;;;;LIBS;Liberalistene;0,17125;471106;335;298;633;-0,01022;-0,08211;0;0;
02;Akershus;;;;;PIR;Piratpartiet;0,09144;471106;154;184;338;-0,0654;-0,14046;0;0;
02;Akershus;;;;;PP;Pensjonistpartiet;0,61738;471106;1584;698;2282;0,0653;-0,95788;0;0;
02;Akershus;;;;;PS;Partiet Sentrum;0,25675;471106;544;405;949;0,25675;0,25675;0;0;
02;Akershus;;;;;BLANKE;Blanke;0,63984;471106;1149;1216;2365;0,08634;-0,77976;0;0;
02;Akershus;;;;;GENE;Generasjonspartiet;0,0303;471106;71;41;112;0,0303;0,0303;0;0;
03;Oslo;;;;;A;Arbeiderpartiet;22,9644;485656;50857;36241;87098;-5,38992;2,95657;4;0;
03;Oslo;;;;;SV;SV - Sosialistisk Venstreparti;13,27694;485656;32789;17567;50356;4,00102;4,17681;3;0;
03;Oslo;;;;;RØDT;Rødt;8,25894;485656;20299;11025;31324;1,97102;1,06212;2;0;
03;Oslo;;;;;SP;Senterpartiet;3,14917;485656;7097;4847;11944;1,03041;0,96567;0;0;
03;Oslo;;;;;KRF;Kristelig Folkeparti;1,82296;485656;4222;2692;6914;-0,31351;0,08655;0;0;
03;Oslo;;;;;MDG;Miljøpartiet De Grønne;8,48305;485656;22134;10040;32174;2,53019;-6,77743;2;0;
03;Oslo;;;;;V;Venstre;10,04604;485656;21881;16221;38102;1,61974;4,26986;3;1;
03;Oslo;;;;;H;Høyre;23,53971;485656;55643;33637;89280;-2,90669;-1,86149;5;0;
03;Oslo;;;;;FRP;Fremskrittspartiet;6,00094;485656;13593;9167;22760;-3,5433;0,72769;1;0;
03;Oslo;;;;;AAN;Alliansen - Alternativ for Norge;0,06117;485656;138;94;232;0,06117;0,06117;0;0;
03;Oslo;;;;;DEMN;Demokratene;0,68104;485656;1679;904;2583;0,59223;0,41617;0;0;
03;Oslo;;;;;FNB;Folkeaksjonen Nei til mer bompenger;0,28265;485656;611;461;1072;0,28265;-5,5581;0;0;
03;Oslo;;;;;HELSE;Helsepartiet;0,15582;485656;376;215;591;-0,1667;-0,07648;0;0;
03;Oslo;;;;;INP;Industri- og Næringspartiet;0,0617;485656;135;99;234;0,0617;0,0617;0;0;
03;Oslo;;;;;KRISTNE;Partiet De Kristne;0,12524;485656;289;186;475;0,0318;-0,04194;0;0;
03;Oslo;;;;;KYST;Kystpartiet;0,01687;485656;37;27;64;0,01687;-0,02663;0;0;
03;Oslo;;;;;LIBS;Liberalistene;0,17481;485656;389;274;663;-0,00689;-0,04737;0;0;
03;Oslo;;;;;NKP;Norges Kommunistiske Parti;0,03243;485656;85;38;123;0,00001;-0,04008;0;0;
03;Oslo;;;;;PIR;Piratpartiet;0,08964;485656;176;164;340;-0,08197;-0,09998;0;0;
03;Oslo;;;;;PP;Pensjonistpartiet;0,3454;485656;915;395;1310;-0,01826;-0,26177;0;0;
03;Oslo;;;;;PS;Partiet Sentrum;0,35858;485656;708;652;1360;0,35858;0,35858;0;0;
03;Oslo;;;;;BLANKE;Blanke;0,44322;485656;847;834;1681;-0,02723;-0,08269;0;0;
03;Oslo;;;;;FI;Feministisk Initiativ;0,07251;485656;214;61;275;-0,0163;-0,08592;0;0;
04;Hedmark;;;;;A;Arbeiderpartiet;33,12487;152228;20747;17389;38136;-2,46014;-1,62233;3;0;
04;Hedmark;;;;;SV;SV - Sosialistisk Venstreparti;6,86366;152228;4687;3215;7902;1,15929;1,32417;0;0;
04;Hedmark;;;;;RØDT;Rødt;3,36582;152228;2342;1533;3875;2,09798;0,84119;0;0;
04;Hedmark;;;;;SP;Senterpartiet;28,04357;152228;15306;16980;32286;5,86176;0,65224;2;0;
04;Hedmark;;;;;KRF;Kristelig Folkeparti;1,62949;152228;966;910;1876;-0,17426;-0,25014;0;0;
04;Hedmark;;;;;MDG;Miljøpartiet De Grønne;2,069;152228;1652;730;2382;0,12311;-2,44595;0;0;
04;Hedmark;;;;;V;Venstre;2,29397;152228;1437;1204;2641;-0,02539;0,1455;0;0;
04;Hedmark;;;;;H;Høyre;10,58821;152228;6656;5534;12190;-4,78207;-0,06491;1;0;
04;Hedmark;;;;;FRP;Fremskrittspartiet;8,42106;152228;4393;5302;9695;-3,22606;2,46024;1;1;
04;Hedmark;;;;;AAN;Alliansen - Alternativ for Norge;0,08686;152228;56;44;100;0,08686;0,08686;0;0;
04;Hedmark;;;;;DEMN;Demokratene;1,17782;152228;766;590;1356;1,01095;0,98466;0;0;
04;Hedmark;;;;;FNB;Folkeaksjonen Nei til mer bompenger;0,07036;152228;30;51;81;0,07036;0,07036;0;0;
04;Hedmark;;;;;HELSE;Helsepartiet;0,2545;152228;150;143;293;-0,05451;-0,08551;0;0;
04;Hedmark;;;;;INP;Industri- og Næringspartiet;0,1494;152228;76;96;172;0,1494;0,1494;0;0;
04;Hedmark;;;;;KRISTNE;Partiet De Kristne;0,19022;152228;107;112;219;0,04455;-0,14413;0;0;
04;Hedmark;;;;;LIBS;Liberalistene;0,11726;152228;70;65;135;-0,02753;-0,11092;0;0;
04;Hedmark;;;;;PP;Pensjonistpartiet;1,28726;152228;980;502;1482;0,15451;-2,25738;0;0;
04;Hedmark;;;;;PS;Partiet Sentrum;0,18241;152228;108;102;210;0,18241;0,18241;0;0;
04;Hedmark;;;;;BLANKE;Blanke;0,66708;152228;332;436;768;-0,08338;-1,80445;0;0;
04;Hedmark;;;;;RN;Redd Naturen;0,08425;152228;43;54;97;0,08425;0,08425;0;0;
05;Oppland;;;;;A;Arbeiderpartiet;35,01855;132383;18486;16064;34550;-0,2035;1,62328;2;0;
05;Oppland;;;;;SV;SV - Sosialistisk Venstreparti;5,58371;132383;3458;2051;5509;0,96233;1,32842;0;0;
05;Oppland;;;;;RØDT;Rødt;3,58091;132383;2215;1318;3533;1,94172;0,45703;0;0;
05;Oppland;;;;;SP;Senterpartiet;25,96744;132383;12224;13396;25620;3,96172;-4,1143;2;0;
05;Oppland;;;;;KRF;Kristelig Folkeparti;1,55784;132383;834;703;1537;-0,54178;-0,26164;0;0;
05;Oppland;;;;;MDG;Miljøpartiet De Grønne;2,32004;132383;1609;680;2289;-0,03246;-2,46444;0;0;
05;Oppland;;;;;V;Venstre;2,40315;132383;1321;1050;2371;-0,11962;0,41325;0;0;
05;Oppland;;;;;H;Høyre;12,49113;132383;6722;5602;12324;-3,80914;-0,36059;1;0;
05;Oppland;;;;;FRP;Fremskrittspartiet;8,57372;132383;3798;4661;8459;-3,27141;3,46506;1;1;
05;Oppland;;;;;AAN;Alliansen - Alternativ for Norge;0,0821;132383;43;38;81;0,0821;0,0821;0;0;
05;Oppland;;;;;DEMN;Demokratene;0,94363;132383;499;432;931;0,82273;0,70658;0;0;
05;Oppland;;;;;FNB;Folkeaksjonen Nei til mer bompenger;0,0669;132383;34;32;66;0,0669;0,0669;0;0;
05;Oppland;;;;;HELSE;Helsepartiet;0,18751;132383;103;82;185;-0,20944;-0,14436;0;0;
05;Oppland;;;;;INP;Industri- og Næringspartiet;0,12872;132383;72;55;127;0,12872;0,12872;0;0;
05;Oppland;;;;;KRISTNE;Partiet De Kristne;0,21488;132383;115;97;212;0,05267;-0,18234;0;0;
05;Oppland;;;;;LIBS;Liberalistene;0,09223;132383;47;44;91;-0,03874;-0,13841;0;0;
05;Oppland;;;;;PIR;Piratpartiet;0,06588;132383;37;28;65;0,06588;0,06588;0;0;
05;Oppland;;;;;PP;Pensjonistpartiet;0,53516;132383;330;198;528;0,11302;-0,85764;0;0;
05;Oppland;;;;;PS;Partiet Sentrum;0,1865;132383;109;75;184;0,1865;0,1865;0;0;
05;Oppland;;;;;BLANKE;Blanke;0,58482;132383;258;319;577;-0,06299;-1,28335;0;0;
06;Buskerud;;;;;A;Arbeiderpartiet;28,35805;191637;25258;15315;40573;-0,54848;3,28018;3;0;
06;Buskerud;;;;;SV;SV - Sosialistisk Venstreparti;5,63555;191637;5469;2594;8063;0,73635;1,37179;1;1;
06;Buskerud;;;;;RØDT;Rødt;3,45486;191637;3376;1567;4943;2,03174;1,20383;0;0;
06;Buskerud;;;;;SP;Senterpartiet;16,12452;191637;12691;10379;23070;4,7522;-2,63175;1;0;
06;Buskerud;;;;;KRF;Kristelig Folkeparti;2,31908;191637;2006;1312;3318;-0,28762;0,02295;0;0;
06;Buskerud;;;;;MDG;Miljøpartiet De Grønne;2,97259;191637;3068;1185;4253;0,43317;-2,98986;0;0;
06;Buskerud;;;;;V;Venstre;3,63798;191637;3149;2056;5205;0,28091;1,52142;0;0;
06;Buskerud;;;;;H;Høyre;22,04593;191637;19804;11738;31542;-4,28126;-1,65664;2;0;
06;Buskerud;;;;;FRP;Fremskrittspartiet;12,23982;191637;9654;7858;17512;-4,99942;3,34806;1;0;
06;Buskerud;;;;;AAN;Alliansen - Alternativ for Norge;0,10344;191637;99;49;148;0,10344;0,10344;0;0;
06;Buskerud;;;;;DEMN;Demokratene;1,3818;191637;1241;736;1977;1,24947;1,13925;0;0;
06;Buskerud;;;;;FNB;Folkeaksjonen Nei til mer bompenger;0,08807;191637;64;62;126;0,08807;-3,50847;0;0;
06;Buskerud;;;;;HELSE;Helsepartiet;0,29425;191637;253;168;421;-0,29199;-0,24787;0;0;
06;Buskerud;;;;;INP;Industri- og Næringspartiet;0,19221;191637;167;108;275;0,19221;0,19221;0;0;
06;Buskerud;;;;;KRISTNE;Partiet De Kristne;0,23135;191637;211;120;331;0,04283;-0,13035;0;0;
06;Buskerud;;;;;LIBS;Liberalistene;0,17054;191637;147;97;244;-0,03128;-0,09073;0;0;
06;Buskerud;;;;;PIR;Piratpartiet;0,08038;191637;54;61;115;0,07742;-0,09324;0;0;
06;Buskerud;;;;;PP;Pensjonistpartiet;0,36345;191637;379;141;520;0,3494;-0,41696;0;0;
06;Buskerud;;;;;PS;Partiet Sentrum;0,30614;191637;251;187;438;0,30614;0,30614;0;0;
06;Buskerud;;;;;BLANKE;Blanke;0,71432;191637;548;474;1022;0,02383;-1,17076;0;0;
07;Vestfold;;;;;A;Arbeiderpartiet;27,00657;182961;20038;17284;37322;-0,95944;0,02064;2;0;
07;Vestfold;;;;;SV;SV - Sosialistisk Venstreparti;6,19627;182961;5253;3310;8563;1,1861;1,52512;1;1;
07;Vestfold;;;;;RØDT;Rødt;4,42126;182961;3902;2208;6110;2,54339;1,10002;0;0;
07;Vestfold;;;;;SP;Senterpartiet;9,9301;182961;6941;6782;13723;3,84317;-0,91968;1;0;
07;Vestfold;;;;;KRF;Kristelig Folkeparti;3,49431;182961;2584;2245;4829;-0,22421;0,08456;0;0;
07;Vestfold;;;;;MDG;Miljøpartiet De Grønne;3,87348;182961;3677;1676;5353;0,89456;-3,54087;0;0;
07;Vestfold;;;;;V;Venstre;4,11083;182961;3206;2475;5681;0,23284;0,75596;0;0;
07;Vestfold;;;;;H;Høyre;25,08104;182961;19405;15256;34661;-5,14175;-1,82964;2;0;
07;Vestfold;;;;;FRP;Fremskrittspartiet;12,45695;182961;8419;8796;17215;-4,33451;2,56671;1;0;
07;Vestfold;;;;;AAN;Alliansen - Alternativ for Norge;0,10492;182961;81;64;145;0,10492;0,10492;0;0;
07;Vestfold;;;;;DEMN;Demokratene;1,31842;182961;1080;742;1822;1,20376;1,05817;0;0;
07;Vestfold;;;;;FNB;Folkeaksjonen Nei til mer bompenger;0,05138;182961;35;36;71;0,05138;-1,17992;0;0;
07;Vestfold;;;;;HELSE;Helsepartiet;0,2757;182961;218;163;381;-0,20117;-0,12884;0;0;
07;Vestfold;;;;;INP;Industri- og Næringspartiet;0,29234;182961;236;168;404;0,29234;0,29234;0;0;
07;Vestfold;;;;;KRISTNE;Partiet De Kristne;0,47541;182961;371;286;657;0,18382;-0,26372;0;0;
07;Vestfold;;;;;LIBS;Liberalistene;0,14038;182961;113;81;194;-0,07603;-0,18183;0;0;
07;Vestfold;;;;;PIR;Piratpartiet;0,089;182961;79;44;123;-0,06666;0,089;0;0;
07;Vestfold;;;;;PP;Pensjonistpartiet;0,40595;182961;363;198;561;0,40595;0,40595;0;0;
07;Vestfold;;;;;PS;Partiet Sentrum;0,2757;182961;228;153;381;0,2757;0,2757;0;0;
07;Vestfold;;;;;BLANKE;Blanke;0,68092;182961;485;456;941;-0,02528;-0,91862;0;0;
08;Telemark;;;;;A;Arbeiderpartiet;30,83519;130953;15002;14881;29883;-1,09622;-2,115;2;0;
08;Telemark;;;;;SV;SV - Sosialistisk Venstreparti;6,12102;130953;3449;2483;5932;1,16577;1,24659;0;0;
08;Telemark;;;;;RØDT;Rødt;4,64958;130953;2656;1850;4506;2,54257;0,35238;1;1;
08;Telemark;;;;;SP;Senterpartiet;16,47474;130953;6912;9054;15966;3,61484;-2,57276;1;0;
08;Telemark;;;;;KRF;Kristelig Folkeparti;4,47003;130953;2299;2033;4332;-0,51102;-0,47859;0;0;
08;Telemark;;;;;MDG;Miljøpartiet De Grønne;2,81596;130953;1854;875;2729;0,34659;-2,18046;0;0;
08;Telemark;;;;;V;Venstre;2,27216;130953;1220;982;2202;-0,40264;0,39961;0;0;
08;Telemark;;;;;H;Høyre;15,67917;130953;8142;7053;15195;-4,39474;1,02067;1;0;
08;Telemark;;;;;FRP;Fremskrittspartiet;12,68883;130953;5393;6904;12297;-3,84208;4,05671;1;0;
08;Telemark;;;;;AAN;Alliansen - Alternativ for Norge;0,11041;130953;60;47;107;0,11041;0,11041;0;0;
08;Telemark;;;;;DEMN;Demokratene;1,42397;130953;709;671;1380;1,2908;1,20892;0;0;
08;Telemark;;;;;FNB;Folkeaksjonen Nei til mer bompenger;0,08977;130953;40;47;87;0,08977;-1,87962;0;0;
08;Telemark;;;;;HELSE;Helsepartiet;0,19915;130953;101;92;193;-0,1663;-0,12405;0;0;
08;Telemark;;;;;INP;Industri- og Næringspartiet;0,61499;130953;300;296;596;0,61499;0,61499;0;0;
08;Telemark;;;;;KRISTNE;Partiet De Kristne;0,65111;130953;352;279;631;0,09674;-0,21538;0;0;
08;Telemark;;;;;LIBS;Liberalistene;0,11351;130953;62;48;110;-0,0238;-0,11789;0;0;
08;Telemark;;;;;PIR;Piratpartiet;0,08771;130953;41;44;85;0,08771;0,08771;0;0;
08;Telemark;;;;;PP;Pensjonistpartiet;0,43132;130953;261;157;418;0,43132;0,43132;0;0;
08;Telemark;;;;;PS;Partiet Sentrum;0,27138;130953;144;119;263;0,27138;0,27138;0;0;
08;Telemark;;;;;BLANKE;Blanke;0,65833;130953;295;343;638;0,01311;-0,96019;0;0;
09;Aust-Agder;;;;;A;Arbeiderpartiet;24,52718;87300;8455;7691;16146;-0,84231;1,37017;1;0;
09;Aust-Agder;;;;;SV;SV - Sosialistisk Venstreparti;5,53404;87300;2249;1394;3643;1,56566;1,10413;0;0;
09;Aust-Agder;;;;;RØDT;Rødt;3,73088;87300;1498;958;2456;2,48568;1,10658;0;0;
09;Aust-Agder;;;;;SP;Senterpartiet;13,52747;87300;4107;4798;8905;5,3798;1,91439;1;0;
09;Aust-Agder;;;;;KRF;Kristelig Folkeparti;8,73171;87300;3072;2676;5748;-1,08612;-2,1038;0;0;
09;Aust-Agder;;;;;MDG;Miljøpartiet De Grønne;3,00324;87300;1333;644;1977;0,38786;-1,7463;0;0;
09;Aust-Agder;;;;;V;Venstre;3,24325;87300;1178;957;2135;-0,06113;0,21521;0;0;
09;Aust-Agder;;;;;H;Høyre;20,2145;87300;7333;5974;13307;-5,55653;-3,59111;1;0;
09;Aust-Agder;;;;;FRP;Fremskrittspartiet;13,26011;87300;3846;4883;8729;-4,05233;4,11619;1;1;
09;Aust-Agder;;;;;AAN;Alliansen - Alternativ for Norge;0,06684;87300;19;25;44;0,06684;0,06684;0;0;
09;Aust-Agder;;;;;DEMN;Demokratene;1,393;87300;530;387;917;1,23521;0,65282;0;0;
09;Aust-Agder;;;;;HELSE;Helsepartiet;0,28863;87300;104;86;190;-0,09884;-1,41231;0;0;
09;Aust-Agder;;;;;INP;Industri- og Næringspartiet;0,42383;87300;164;115;279;0,42383;0,42383;0;0;
09;Aust-Agder;;;;;KRISTNE;Partiet De Kristne;0,86892;87300;338;234;572;0,14086;-0,41706;0;0;
09;Aust-Agder;;;;;LIBS;Liberalistene;0,15343;87300;49;52;101;-0,03405;-0,20919;0;0;
09;Aust-Agder;;;;;PIR;Piratpartiet;0,10634;87300;37;33;70;-0,0499;-0,27871;0;0;
09;Aust-Agder;;;;;PP;Pensjonistpartiet;0,57725;87300;248;132;380;-0,12424;-1,56106;0;0;
09;Aust-Agder;;;;;PS;Partiet Sentrum;0,34939;87300;164;66;230;0,34939;0,34939;0;0;
09;Aust-Agder;;;;;BLANKE;Blanke;0,51649;87300;161;179;340;0,00091;-1,10407;0;0;
10;Vest-Agder;;;;;A;Arbeiderpartiet;20,77234;137466;12893;8946;21839;-0,25006;1,65141;1;0;
10;Vest-Agder;;;;;SV;SV - Sosialistisk Venstreparti;5,34075;137466;3763;1852;5615;1,0411;0,90515;0;0;
10;Vest-Agder;;;;;RØDT;Rødt;3,19018;137466;2215;1139;3354;1,82931;0,80682;0;0;
10;Vest-Agder;;;;;SP;Senterpartiet;10,33243;137466;5735;5128;10863;3,84562;1,47502;1;0;
10;Vest-Agder;;;;;KRF;Kristelig Folkeparti;13,88691;137466;8492;6108;14600;1,27566;-0,58342;1;0;
10;Vest-Agder;;;;;MDG;Miljøpartiet De Grønne;3,16545;137466;2320;1008;3328;0,27546;-3,34884;0;0;
10;Vest-Agder;;;;;V;Venstre;3,64579;137466;2320;1513;3833;0,02309;0,5657;1;1;
10;Vest-Agder;;;;;H;Høyre;21,26314;137466;13453;8902;22355;-6,61441;1,76051;1;0;
10;Vest-Agder;;;;;FRP;Fremskrittspartiet;13,1431;137466;7359;6459;13818;-3,98084;3,56367;1;0;
10;Vest-Agder;;;;;AAN;Alliansen - Alternativ for Norge;0,05041;137466;26;27;53;0,05041;0,05041;0;0;
10;Vest-Agder;;;;;DEMN;Demokratene;2,57574;137466;1587;1121;2708;1,83407;-5,62519;0;0;
10;Vest-Agder;;;;;FNB;Folkeaksjonen Nei til mer bompenger;0,05897;137466;30;32;62;0,05897;0,05897;0;0;
10;Vest-Agder;;;;;HELSE;Helsepartiet;0,15884;137466;101;66;167;-0,06614;-0,34588;0;0;
10;Vest-Agder;;;;;INP;Industri- og Næringspartiet;0,34242;137466;227;133;360;0,34242;0,34242;0;0;
10;Vest-Agder;;;;;KRISTNE;Partiet De Kristne;0,92072;137466;637;331;968;0,13227;-0,72337;0;0;
10;Vest-Agder;;;;;LIBS;Liberalistene;0,15599;137466;95;69;164;-0,05307;-0,18203;0;0;
10;Vest-Agder;;;;;PIR;Piratpartiet;0,07419;137466;37;41;78;-0,07613;-0,11666;0;0;
10;Vest-Agder;;;;;PP;Pensjonistpartiet;0,46892;137466;357;136;493;0,04284;-0,70839;0;0;
10;Vest-Agder;;;;;PS;Partiet Sentrum;0,4537;137466;299;178;477;0,4537;0,4537;0;0;
10;Vest-Agder;;;;;BLANKE;Blanke;0,59638;137466;300;327;627;0,1255;-0,77409;0;0;
11;Rogaland;;;;;A;Arbeiderpartiet;22,39335;333475;33085;24884;57969;-0,17189;0,04945;3;0;
11;Rogaland;;;;;SV;SV - Sosialistisk Venstreparti;5,12309;333475;8467;4795;13262;1,16004;1,05282;1;0;
11;Rogaland;;;;;RØDT;Rødt;3,71619;333475;6036;3584;9620;2,55095;1,36727;1;1;
11;Rogaland;;;;;SP;Senterpartiet;10,41346;333475;13881;13076;26957;3,0953;-0,11977;2;0;
11;Rogaland;;;;;KRF;Kristelig Folkeparti;8,05703;333475;11889;8968;20857;-0,26181;-0,49415;1;0;
11;Rogaland;;;;;MDG;Miljøpartiet De Grønne;2,3769;333475;4298;1855;6153;-0,20367;-2,71334;0;0;
11;Rogaland;;;;;V;Venstre;3,51764;333475;5254;3852;9106;-0,02187;0,48965;0;0;
11;Rogaland;;;;;H;Høyre;23,94743;333475;37182;24810;61992;-4,84083;1,84644;4;0;
11;Rogaland;;;;;FRP;Fremskrittspartiet;16,75764;333475;23655;19725;43380;-2,99196;4,11066;2;0;
11;Rogaland;;;;;AAN;Alliansen - Alternativ for Norge;0,0819;333475;121;91;212;0,0819;0,0819;0;0;
11;Rogaland;;;;;DEMN;Demokratene;1,01751;333475;1654;980;2634;0,92267;0,84843;0;0;
11;Rogaland;;;;;FNB;Folkeaksjonen Nei til mer bompenger;0,12207;333475;155;161;316;0,12207;-6,28847;0;0;
11;Rogaland;;;;;HELSE;Helsepartiet;0,19315;333475;278;222;500;-0,01842;0,19315;0;0;
11;Rogaland;;;;;INP;Industri- og Næringspartiet;0,63546;333475;1036;609;1645;0,63546;0,63546;0;0;
11;Rogaland;;;;;KRISTNE;Partiet De Kristne;0,54082;333475;759;641;1400;0,04554;-0,40622;0;0;
11;Rogaland;;;;;LIBS;Liberalistene;0,16379;333475;229;195;424;-0,09479;-0,14657;0;0;
11;Rogaland;;;;;PIR;Piratpartiet;0,07803;333475;92;110;202;-0,10111;0,07803;0;0;
11;Rogaland;;;;;PP;Pensjonistpartiet;0,51262;333475;961;366;1327;0,02099;-0,8013;0;0;
11;Rogaland;;;;;PS;Partiet Sentrum;0,35192;333475;553;358;911;0,35192;0,35192;0;0;
11;Rogaland;;;;;BLANKE;Blanke;0,61731;333475;796;802;1598;0,04299;-0,81693;0;0;
12;Hordaland;;;;;A;Arbeiderpartiet;22,7199;382305;42000;26949;68949;-0,19792;2,76788;4;0;
12;Hordaland;;;;;SV;SV - Sosialistisk Venstreparti;8,86567;382305;17595;9310;26905;1,80211;2,21138;1;0;
12;Hordaland;;;;;RØDT;Rødt;4,663;382305;9492;4659;14151;2,49578;1,10237;1;0;
12;Hordaland;;;;;SP;Senterpartiet;9,87795;382305;16586;13391;29977;2,27575;-2,20526;2;0;
12;Hordaland;;;;;KRF;Kristelig Folkeparti;4,85215;382305;8869;5856;14725;-0,64375;0,04986;1;0;
12;Hordaland;;;;;MDG;Miljøpartiet De Grønne;3,93411;382305;8541;3398;11939;0,40455;-3,83627;0;0;
12;Hordaland;;;;;V;Venstre;4,33678;382305;7898;5263;13161;-0,03188;1,39736;1;1;
12;Hordaland;;;;;H;Høyre;24,47755;382305;45860;28423;74283;-5,8522;5,60557;4;0;
12;Hordaland;;;;;FRP;Fremskrittspartiet;12,63634;382305;21319;17029;38348;-2,33194;3,17981;2;0;
12;Hordaland;;;;;AAN;Alliansen - Alternativ for Norge;0,06854;382305;113;95;208;0,06854;0,06854;0;0;
12;Hordaland;;;;;DEMN;Demokratene;0,94769;382305;1911;965;2876;0,83613;0,66479;0;0;
12;Hordaland;;;;;FNB;Folkeaksjonen Nei til mer bompenger;0,1328;382305;228;175;403;0,1328;-10,61808;0;0;
12;Hordaland;;;;;HELSE;Helsepartiet;0,16113;382305;315;174;489;-0,088;-0,11789;0;0;
12;Hordaland;;;;;INP;Industri- og Næringspartiet;0,57204;382305;1127;609;1736;0,57204;0,57204;0;0;
12;Hordaland;;;;;KRISTNE;Partiet De Kristne;0,45473;382305;874;506;1380;-0,00075;-0,3897;0;0;
12;Hordaland;;;;;KYST;Kystpartiet;0,03526;382305;69;38;107;-0,11497;0,03526;0;0;
12;Hordaland;;;;;LIBS;Liberalistene;0,17366;382305;299;228;527;-0,02791;-0,03561;0;0;
12;Hordaland;;;;;NKP;Norges Kommunistiske Parti;0,02768;382305;55;29;84;0,02768;-0,05215;0;0;
12;Hordaland;;;;;PIR;Piratpartiet;0,08633;382305;149;113;262;-0,07451;-0,11092;0;0;
12;Hordaland;;;;;PP;Pensjonistpartiet;0,75229;382305;1728;555;2283;0,75229;-0,51339;0;0;
12;Hordaland;;;;;PS;Partiet Sentrum;0,1954;382305;371;222;593;0,1954;0,1954;0;0;
12;Hordaland;;;;;BLANKE;Blanke;0,71373;382305;1162;1004;2166;0,01699;-0,71238;0;0;
12;Hordaland;;;;;GT;Generasjonspartiet;0,029;382305;51;37;88;0,029;0,029;0;0;
14;Sogn og Fjordane;;;;;A;Arbeiderpartiet;26,46717;78282;9401;7006;16407;1,83094;3,96251;1;0;
14;Sogn og Fjordane;;;;;SV;SV - Sosialistisk Venstreparti;5,91063;78282;2429;1235;3664;1,39832;1,0036;0;0;
14;Sogn og Fjordane;;;;;RØDT;Rødt;4,00871;78282;1614;871;2485;2,72532;1,21773;0;0;
14;Sogn og Fjordane;;;;;SP;Senterpartiet;28,40619;78282;9387;8222;17609;-1,02682;-5,23957;1;0;
14;Sogn og Fjordane;;;;;KRF;Kristelig Folkeparti;3,84739;78282;1374;1011;2385;-0,52268;-1,45129;0;0;
14;Sogn og Fjordane;;;;;MDG;Miljøpartiet De Grønne;2,48911;78282;1079;464;1543;0,2117;-1,56047;0;0;
14;Sogn og Fjordane;;;;;V;Venstre;3,44088;78282;1261;872;2133;-0,61857;-3,09359;1;1;
14;Sogn og Fjordane;;;;;H;Høyre;13,7377;78282;4890;3626;8516;-4,93607;0,58511;1;0;
14;Sogn og Fjordane;;;;;FRP;Fremskrittspartiet;9,28859;78282;2977;2781;5758;-0,64666;4,94622;0;0;
14;Sogn og Fjordane;;;;;AAN;Alliansen - Alternativ for Norge;0,06937;78282;24;19;43;0,06937;0,06937;0;0;
14;Sogn og Fjordane;;;;;DEMN;Demokratene;0,73076;78282;278;175;453;0,6621;0,6243;0;0;
14;Sogn og Fjordane;;;;;HELSE;Helsepartiet;0,14357;78282;55;34;89;-0,033;-0,06556;0;0;
14;Sogn og Fjordane;;;;;INP;Industri- og Næringspartiet;0,47104;78282;183;109;292;0,47104;0,47104;0;0;
14;Sogn og Fjordane;;;;;KRISTNE;Partiet De Kristne;0,41297;78282;164;92;256;-0,00229;-0,35892;0;0;
14;Sogn og Fjordane;;;;;LIBS;Liberalistene;0,07582;78282;22;25;47;-0,01574;-0,03255;0;0;
14;Sogn og Fjordane;;;;;PP;Pensjonistpartiet;0,27908;78282;115;58;173;0,27908;-0,13729;0;0;
14;Sogn og Fjordane;;;;;PS;Partiet Sentrum;0,221;78282;79;58;137;0,221;0,221;0;0;
14;Sogn og Fjordane;;;;;BLANKE;Blanke;0,50169;78282;164;147;311;-0,00512;-1,03639;0;0;
15;Møre og Romsdal;;;;;A;Arbeiderpartiet;20,16535;192394;18339;11589;29928;-1,03089;2,05772;2;0;
15;Møre og Romsdal;;;;;SV;SV - Sosialistisk Venstreparti;6,2946;192394;6081;3261;9342;2,37437;1,13513;1;1;
15;Møre og Romsdal;;;;;RØDT;Rødt;3,32316;192394;3405;1527;4932;2,0992;1,58342;0;0;
15;Møre og Romsdal;;;;;SP;Senterpartiet;17,47691;192394;14611;11327;25938;4,6686;-0,39255;2;0;
15;Møre og Romsdal;;;;;KRF;Kristelig Folkeparti;5,32703;192394;4685;3221;7906;-0,83048;-0,25755;0;0;
15;Møre og Romsdal;;;;;MDG;Miljøpartiet De Grønne;2,49237;192394;2724;975;3699;0,3429;-2,18649;0;0;
15;Møre og Romsdal;;;;;V;Venstre;2,94112;192394;2662;1703;4365;-0,5757;-0,10385;0;0;
15;Møre og Romsdal;;;;;H;Høyre;16,25397;192394;14780;9343;24123;-7,47182;1,20667;1;0;
15;Møre og Romsdal;;;;;FRP;Fremskrittspartiet;22,06276;192394;18588;14156;32744;-0,31833;4,93427;2;0;
15;Møre og Romsdal;;;;;AAN;Alliansen - Alternativ for Norge;0,0849;192394;68;58;126;0,0849;0,0849;0;0;
15;Møre og Romsdal;;;;;DEMN;Demokratene;1,18116;192394;1192;561;1753;1,09335;1,0258;0;0;
15;Møre og Romsdal;;;;;FNB;Folkeaksjonen Nei til mer bompenger;0,05323;192394;43;36;79;0,05323;0,05323;0;0;
15;Møre og Romsdal;;;;;HELSE;Helsepartiet;0,18866;192394;173;107;280;0,18729;-0,26889;0;0;
15;Møre og Romsdal;;;;;INP;Industri- og Næringspartiet;0,73848;192394;744;352;1096;0,73848;0,73848;0;0;
15;Møre og Romsdal;;;;;KRISTNE;Partiet De Kristne;0,54712;192394;478;334;812;0,03806;-0,60957;0;0;
15;Møre og Romsdal;;;;;LIBS;Liberalistene;0,11791;192394;100;75;175;-0,00078;-0,06818;0;0;
15;Møre og Romsdal;;;;;PP;Pensjonistpartiet;0,5323;192394;612;178;790;-0,00833;-0,9061;0;0;
15;Møre og Romsdal;;;;;PS;Partiet Sentrum;0,21898;192394;204;121;325;0,21898;0,21898;0;0;
15;Møre og Romsdal;;;;;BLANKE;Blanke;0,62663;192394;488;442;930;0,06199;-0,92275;0;0;
16;Sør-Trøndelag;;;;;A;Arbeiderpartiet;29,81804;247553;35580;22038;57618;-2,91014;1,07072;3;0;
16;Sør-Trøndelag;;;;;SV;SV - Sosialistisk Venstreparti;9,12634;247553;12388;5247;17635;1,47196;0,97205;1;0;
16;Sør-Trøndelag;;;;;RØDT;Rødt;5,61553;247553;7434;3417;10851;2,70287;0,61336;1;1;
16;Sør-Trøndelag;;;;;SP;Senterpartiet;15,10205;247553;14989;14193;29182;4,12723;-0,9845;2;0;
16;Sør-Trøndelag;;;;;KRF;Kristelig Folkeparti;2,17925;247553;2562;1649;4211;-0,55997;-0,2405;0;0;
16;Sør-Trøndelag;;;;;MDG;Miljøpartiet De Grønne;4,79631;247553;6995;2273;9268;0,91801;-3,29354;0;0;
16;Sør-Trøndelag;;;;;V;Venstre;4,36418;247553;5256;3177;8433;0,32604;0,90841;0;0;
16;Sør-Trøndelag;;;;;H;Høyre;16,47605;247553;19739;12098;31837;-4,19478;-0,66313;2;0;
16;Sør-Trøndelag;;;;;FRP;Fremskrittspartiet;8,61607;247553;9182;7467;16649;-3,03404;3,23368;1;0;
16;Sør-Trøndelag;;;;;AAN;Alliansen - Alternativ for Norge;0,1123;247553;147;70;217;0,1123;0,1123;0;0;
16;Sør-Trøndelag;;;;;DEMN;Demokratene;0,89167;247553;1085;638;1723;0,79816;0,62948;0;0;
16;Sør-Trøndelag;;;;;HELSE;Helsepartiet;0,17078;247553;203;127;330;-0,04942;-0,32618;0;0;
16;Sør-Trøndelag;;;;;INP;Industri- og Næringspartiet;0,34052;247553;407;251;658;0,34052;0,34052;0;0;
16;Sør-Trøndelag;;;;;KRISTNE;Partiet De Kristne;0,15784;247553;178;127;305;0,03442;-0,13051;0;0;
16;Sør-Trøndelag;;;;;LIBS;Liberalistene;0,12783;247553;150;97;247;-0,07444;-0,11651;0;0;
16;Sør-Trøndelag;;;;;NKP;Norges Kommunistiske Parti;0,0326;247553;35;28;63;0,0326;0,0326;0;0;
16;Sør-Trøndelag;;;;;PIR;Piratpartiet;0,10971;247553;112;100;212;-0,08657;-0,1595;0;0;
16;Sør-Trøndelag;;;;;PP;Pensjonistpartiet;1,73418;247553;2542;809;3351;0,0465;-2,22749;0;0;
16;Sør-Trøndelag;;;;;PS;Partiet Sentrum;0,22874;247553;264;178;442;0,22874;0,22874;0;0;
16;Sør-Trøndelag;;;;;BLANKE;Blanke;0,62516;247553;688;520;1208;-0,01642;-0,80832;0;0;
17;Nord-Trøndelag;;;;;A;Arbeiderpartiet;33,56993;100638;15324;10405;25729;-0,5381;0,82506;2;0;
17;Nord-Trøndelag;;;;;SV;SV - Sosialistisk Venstreparti;5,72655;100638;2878;1511;4389;0,7231;0,56596;0;0;
17;Nord-Trøndelag;;;;;RØDT;Rødt;3,95992;100638;1966;1069;3035;2,29063;0,85814;0;0;
17;Nord-Trøndelag;;;;;SP;Senterpartiet;28,82064;100638;10875;11214;22089;3,99571;-5,63699;2;0;
17;Nord-Trøndelag;;;;;KRF;Kristelig Folkeparti;2,252;100638;1057;669;1726;-0,1866;-0,30756;0;0;
17;Nord-Trøndelag;;;;;MDG;Miljøpartiet De Grønne;1,85796;100638;1047;377;1424;0,05067;-1,57552;0;0;
17;Nord-Trøndelag;;;;;V;Venstre;2,0315;100638;910;647;1557;-0,18981;0,07634;1;1;
17;Nord-Trøndelag;;;;;H;Høyre;10,59588;100638;4795;3326;8121;-4,06212;1,38623;0;0;
17;Nord-Trøndelag;;;;;FRP;Fremskrittspartiet;8,0203;100638;3239;2908;6147;-3,50173;3,20896;0;0;
17;Nord-Trøndelag;;;;;AAN;Alliansen - Alternativ for Norge;0,10308;100638;47;32;79;0,10308;0,10308;0;0;
17;Nord-Trøndelag;;;;;DEMN;Demokratene;0,98378;100638;481;273;754;0,85605;0,72065;0;0;
17;Nord-Trøndelag;;;;;FNB;Folkeaksjonen Nei til mer bompenger;0,03001;100638;14;9;23;0,03001;0,03001;0;0;
17;Nord-Trøndelag;;;;;HELSE;Helsepartiet;0,18919;100638;77;68;145;-0,18372;-0,10265;0;0;
17;Nord-Trøndelag;;;;;INP;Industri- og Næringspartiet;0,46841;100638;212;147;359;0,46841;0,46841;0;0;
17;Nord-Trøndelag;;;;;KRISTNE;Partiet De Kristne;0,23355;100638;120;59;179;0,02507;-0,08221;0;0;
17;Nord-Trøndelag;;;;;LIBS;Liberalistene;0,07829;100638;30;30;60;-0,02742;-0,09076;0;0;
17;Nord-Trøndelag;;;;;PIR;Piratpartiet;0,07176;100638;28;27;55;-0,07065;-0,10844;0;0;
17;Nord-Trøndelag;;;;;PP;Pensjonistpartiet;0,83895;100638;459;184;643;0,2517;-0,50701;0;0;
17;Nord-Trøndelag;;;;;PS;Partiet Sentrum;0,16831;100638;84;45;129;0,16831;0,16831;0;0;
17;Nord-Trøndelag;;;;;BLANKE;Blanke;0,50885;100638;214;176;390;-0,04611;-0,88495;0;0;
18;Nordland;;;;;A;Arbeiderpartiet;28,76913;182075;22019;16584;38603;2,79939;2,03641;3;0;
18;Nordland;;;;;SV;SV - Sosialistisk Venstreparti;7,17384;182075;5846;3780;9626;0,14554;0,94218;1;0;
18;Nordland;;;;;RØDT;Rødt;5,41727;182075;4562;2707;7269;2,5142;-0,09441;1;1;
18;Nordland;;;;;SP;Senterpartiet;21,18988;182075;14525;13908;28433;2,42879;-4,11704;2;0;
18;Nordland;;;;;KRF;Kristelig Folkeparti;1,96599;182075;1401;1237;2638;-0,44987;-0,55064;0;0;
18;Nordland;;;;;MDG;Miljøpartiet De Grønne;2,33936;182075;2057;1082;3139;0,16;-1,81445;0;0;
18;Nordland;;;;;V;Venstre;2,4899;182075;1924;1417;3341;-0,11605;-0,12581;0;0;
18;Nordland;;;;;H;Høyre;15,3031;182075;11556;8978;20534;-4,80138;-0,52517;1;0;
18;Nordland;;;;;FRP;Fremskrittspartiet;12,16706;182075;8263;8063;16326;-4,25226;2,5412;1;0;
18;Nordland;;;;;AAN;Alliansen - Alternativ for Norge;0,07304;182075;54;44;98;0,07304;0,07304;0;0;
18;Nordland;;;;;DEMN;Demokratene;1,34668;182075;1064;743;1807;1,20972;1,34668;0;0;
18;Nordland;;;;;HELSE;Helsepartiet;0,25264;182075;167;172;339;-0,20464;0,25264;0;0;
18;Nordland;;;;;INP;Industri- og Næringspartiet;0,43001;182075;328;249;577;0,43001;0,43001;0;0;
18;Nordland;;;;;KRISTNE;Partiet De Kristne;0,23476;182075;194;121;315;0,0237;-0,19648;0;0;
18;Nordland;;;;;LIBS;Liberalistene;0,13042;182075;80;95;175;-0,0694;-0,11303;0;0;
18;Nordland;;;;;NKP;Norges Kommunistiske Parti;0,02832;182075;17;21;38;-0,01509;-0,0651;0;0;
18;Nordland;;;;;PIR;Piratpartiet;0,09539;182075;60;68;128;-0,06028;0,09539;0;0;
18;Nordland;;;;;PP;Pensjonistpartiet;0,43598;182075;371;214;585;0,43598;-0,27268;0;0;
18;Nordland;;;;;PS;Partiet Sentrum;0,15725;182075;124;87;211;0,15725;0,15725;0;0;
18;Nordland;;;;;BLANKE;Blanke;0,6685;182075;411;486;897;-0,05896;-1,41124;0;0;
19;Troms Romsa;;;;;A;Arbeiderpartiet;27,19928;124771;12583;12297;24880;3,17161;4,2187;2;0;
19;Troms Romsa;;;;;SV;SV - Sosialistisk Venstreparti;10,71245;124771;5721;4078;9799;0,59606;1,12994;1;1;
19;Troms Romsa;;;;;RØDT;Rødt;4,75441;124771;2465;1884;4349;2,46935;0,5121;0;0;
19;Troms Romsa;;;;;SP;Senterpartiet;19,22097;124771;8039;9543;17582;4,24348;-4,91432;1;0;
19;Troms Romsa;;;;;KRF;Kristelig Folkeparti;2,21705;124771;879;1149;2028;-0,42707;-1,11364;0;0;
19;Troms Romsa;;;;;MDG;Miljøpartiet De Grønne;2,9178;124771;1675;994;2669;0,07603;-2,5096;0;0;
19;Troms Romsa;;;;;V;Venstre;2,4335;124771;1149;1077;2226;-0,5027;0,03424;0;0;
19;Troms Romsa;;;;;H;Høyre;13,4936;124771;6587;5756;12343;-7,04994;-1,44629;1;0;
19;Troms Romsa;;;;;FRP;Fremskrittspartiet;14,08503;124771;5864;7020;12884;-4,1471;3,23023;1;0;
19;Troms Romsa;;;;;AAN;Alliansen - Alternativ for Norge;0,07871;124771;39;33;72;0,07871;0,07871;0;0;
19;Troms Romsa;;;;;DEMN;Demokratene;1,48678;124771;778;582;1360;1,35611;1,48678;0;0;
19;Troms Romsa;;;;;FNB;Folkeaksjonen Nei til mer bompenger;0,13993;124771;45;83;128;0,13993;0,13993;0;0;
19;Troms Romsa;;;;;HELSE;Helsepartiet;0,24488;124771;105;119;224;-0,07246;0,24488;0;0;
19;Troms Romsa;;;;;INP;Industri- og Næringspartiet;0,33562;124771;157;150;307;0,33562;0,33562;0;0;
19;Troms Romsa;;;;;KRISTNE;Partiet De Kristne;0,19897;124771;102;80;182;0,02328;-0,16304;0;0;
19;Troms Romsa;;;;;LIBS;Liberalistene;0,20225;124771;83;102;185;-0,12717;-0,30244;0;0;
19;Troms Romsa;;;;;PIR;Piratpartiet;0,08964;124771;33;49;82;0,08964;0,08964;0;0;
19;Troms Romsa;;;;;PS;Partiet Sentrum;0,18913;124771;79;94;173;0,18913;0,18913;0;0;
19;Troms Romsa;;;;;BLANKE;Blanke;0,86364;124771;327;463;790;0,07304;-1,64924;0;0;
20;Finnmark Finnmárku;;;;;A;Arbeiderpartiet;31,36641;54608;7252;4974;12226;-0,47149;1,95717;2;0;
20;Finnmark Finnmárku;;;;;SV;SV - Sosialistisk Venstreparti;6,19067;54608;1540;873;2413;-2,73612;-7,37129;0;0;
20;Finnmark Finnmárku;;;;;RØDT;Rødt;5,02335;54608;1296;662;1958;3,46055;1,73764;0;0;
20;Finnmark Finnmárku;;;;;SP;Senterpartiet;18,36164;54608;4032;3125;7157;3,55281;-5,75192;1;0;
20;Finnmark Finnmárku;;;;;KRF;Kristelig Folkeparti;1,66248;54608;377;271;648;-0,44191;-0,43316;0;0;
20;Finnmark Finnmárku;;;;;MDG;Miljøpartiet De Grønne;2,29104;54608;666;227;893;0,10851;-1,1507;0;0;
20;Finnmark Finnmárku;;;;;V;Venstre;1,44697;54608;349;215;564;-2,92886;-1,45632;0;0;
20;Finnmark Finnmárku;;;;;H;Høyre;6,83462;54608;1644;1020;2664;-7,27633;-2,64315;0;0;
20;Finnmark Finnmárku;;;;;FRP;Fremskrittspartiet;10,82405;54608;2288;1931;4219;-7,32861;2,83617;1;1;
20;Finnmark Finnmárku;;;;;AAN;Alliansen - Alternativ for Norge;0,12828;54608;31;19;50;0,12828;0,12828;0;0;
20;Finnmark Finnmárku;;;;;DEMN;Demokratene;1,71122;54608;412;255;667;1,5253;1,71122;0;0;
20;Finnmark Finnmárku;;;;;HELSE;Helsepartiet;0,28991;54608;74;39;113;-0,06307;0,28991;0;0;
20;Finnmark Finnmárku;;;;;INP;Industri- og Næringspartiet;0,45923;54608;119;60;179;0,45923;0,45923;0;0;
20;Finnmark Finnmárku;;;;;KRISTNE;Partiet De Kristne;0,35405;54608;71;67;138;0,00107;-0,07732;0;0;
20;Finnmark Finnmárku;;;;;LIBS;Liberalistene;0,17959;54608;46;24;70;-0,03058;-0,16306;0;0;
20;Finnmark Finnmárku;;;;;PS;Partiet Sentrum;0,17702;54608;44;25;69;0,17702;0,17702;0;0;
20;Finnmark Finnmárku;;;;;BLANKE;Blanke;0,79789;54608;168;143;311;-0,16404;-2,79987;0;0;
20;Finnmark Finnmárku;;;;;PF;Pasientfokus;12,69947;54608;3548;1402;4950;12,69947;12,69947;1;0;
